"materiaux_ID";"nom";"token";"description"
0;"Acajou";"acajou";""
1;"Peuplier";"peuplier";""
2;"Bouleau";"bouleau";""
3;"Pin";"pin";""
4;"Merisier";"merisier";""
5;"Chêne";"chene";""
6;"Érable";"erable";""
7;"Orme";"orme";""
8;"Cuivre";"cuivre";""
9;"Plastique";"plastique";""
10;"Tissus";"tissus";""
11;"Métal";"metal";""
12;"Acier";"acier";""
13;"Caoutchouc";"caoutchouc";""
14;"Chanvre";"chanvre";""
15;"Plumes";"plumes";""
16;"Liège";"liege";""
17;"Feutre";"feutre";""
18;"Jutte";"jutte";""